,desired_speed_0,desired_speed_1,desired_speed_2,desired_speed_3,desired_speed_4,desired_speed_5,desired_speed_6,desired_speed_7,desired_speed_8,desired_speed_9
0,257,257,257,257,257,257,257,257,257,257
1,266,257,259,260,257,258,257,257,257,258
2,269,254,256,257,252,260,259,254,257,257
3,255,260,254,249,253,260,258,256,258,257
4,263,254,250,253,257,256,256,254,256,257
5,262,246,251,257,256,253,259,257,257,257
6,250,251,254,259,256,253,255,257,257,259
7,256,249,255,252,254,255,260,259,256,257
8,256,249,255,252,252,250,252,255,258,257
9,256,255,254,255,254,249,253,257,256,257
10,253,252,252,248,246,250,254,257,257,257
